-- ==============================================================================
-- LANGKAH 4: DATA MANIPULATION LANGUAGE (DML) - INSERT DATA
-- ==============================================================================
USE restoran;

-- 1. PELANGGAN
INSERT INTO Pelanggan (id_pelanggan, nama_pelanggan, email, no_telp, alamat) VALUES
('P001', 'andi', 'andi@email.com', '8267354890', 'Jakarta'),
('P002', 'budi', 'budi@email.com', '8987765356', 'Bandung'),
('P003', 'citra', 'citra@email.com', '8113456789', 'Surabaya'),
('P004', 'dewi', 'dewi@email.com', '8114567890', 'Semarang'),
('P005', 'eko', 'eko@email.com', '8115678901', 'Yogyakarta'),
('P006', 'fani', 'fani@email.com', '8116789012', 'Malang'),
('P007', 'gita', 'gita@email.com', '8117890123', 'Solo'),
('P008', 'hadi', 'hadi@email.com', '8118901234', 'Bogor'),
('P009', 'indah', 'indah@email.com', '8119012345', 'Bekasi'),
('P010', 'joko', 'joko@email.com', '8120123456', 'Depok'),
('P011', 'kurnia', 'kurnia@email.com', '8221234567', 'Tangerang'),
('P012', 'laras', 'laras@email.com', '8122345678', 'Cirebon'),
('P013', 'maman', 'maman@email.com', '8123456789', 'Garut'),
('P014', 'nina', 'nina@email.com', '8124567890', 'Tasik'),
('P015', 'oki', 'oki@email.com', '8125678901', 'Sukabumi'),
('P016', 'prima', 'prima@email.com', '8126789012', 'Madura'),
('P017', 'rani', 'rani@email.com', '8127890123', 'Jember'),
('P018', 'sinta', 'sinta@email.com', '8128901234', 'Pasuruan'),
('P019', 'taufik', 'taufik@email.com', '8929012345', 'Madiun'),
('P020', 'vika', 'vika@email.com', '8130123456', 'Kediri'),
('P021', 'wisnu', 'wisnu@email.com', '8131234567', 'Blitar'),
('P022', 'yuda', 'yuda@email.com', '8232345678', 'Denpasar'),
('P023', 'zain', 'zain@email.com', '8133456789', 'Makassar'),
('P024', 'amalia', 'amalia@email.com', '8134567890', 'Medan'),
('P025', 'cinta', 'cinta@email.com', '8908354678', 'Bandung'),
('P026', 'ken', 'ken@email.com', '8214673890', 'Majalengka'),
('P027', 'rio', 'rio@email.com', '8247804576', 'Bogor'),
('P028', 'lisa', 'lisa@email.com', '08138901234', 'Purwokerto'),
('P029', 'fredo', 'fredo@email.com', '08139012345', 'Purwokerto'),
('P030', 'noval', 'noval@email.com', '08140123456', 'Cilacap'),
('P031', 'tari', 'tari@email.com', '08141234567', 'Banyumas'),
('P032', 'bagas', 'bagas@email.com', '08142345678', 'Kebumen'),
('P033', 'dina', 'dina@email.com', '08143456789', 'Wonosobo'),
('P034', 'hendra', 'hendra@email.com', '08144567890', 'Banjarnegara');

-- 2. KARYAWAN
INSERT INTO Karyawan (id_karyawan, nama_karyawan, jabatan, shift, nomor_telepon) VALUES
('K01', 'martin', 'Manajer', '-', '8924687243'),
('K02', 'adi', 'Waiter', 'Pagi', '8222333444'),
('K03', 'mina', 'Waiter', 'Sore', '8223456789'),
('K04', 'reno', 'Chef', 'Pagi', '8224567890'),
('K05', 'maya', 'Kasir', 'Pagi', '8225678901'),
('K06', 'hana', 'Chef', 'Sore', '89167338902'),
('K07', 'aji', 'Kasir', 'Sore', '8959012758'),
('K08', 'ayu', 'Pencuci Piring', 'Pagi', '894237889'),
('K09', 'siti', 'Pencuci Piring', 'Sore', '8224773905'),
('K10', 'supriyadi', 'OB', 'Pagi', '8246637441'),
('K11', 'rudi', 'OB', 'Sore', '8567223665'),
('K12', 'nana', 'Waiter', 'Siang', '8563390547'),
('K13', 'galih', 'Waiter', 'Pagi', '8367574411'),
('K14', 'albert', 'Chef', 'Siang', '8360012789'),
('K15', 'arnold', 'Chef', 'Pagi', '8874419023'),
('K16', 'winato', 'OB', 'Siang', '8864783991'),
('K17', 'sasuke', 'Kasir', 'Siang', '89433671122'),
('K18', 'tedi', 'Waiter', 'Siang', '89001343376'),
('K19', 'dion', 'Waiter', 'Sore', '89033788122'),
('K20', 'juna', 'Chef', 'Siang', '8244780361'),
('K21', 'renata', 'Chef', 'Sore', '8337886520');

-- 3. MEJA
INSERT INTO Meja (nomor_meja, kapasitas) VALUES 
('T01', 6), ('T02', 2), ('T03', 2), ('T04', 4), ('T05', 4), 
('T06', 2), ('T07', 2), ('T08', 4), ('T09', 2);

-- 4. MENU
INSERT INTO Menu (id_menu, nama_menu, harga) VALUES
('M01', 'Nasi Goreng', 35000),
('M02', 'Es Teh', 15000),
('M03', 'Ayam Bakar', 45000),
('M04', 'Mie Goreng', 30000),
('M05', 'Jus Alpukat', 20000),
('M06', 'Mie Ayam', 30000),
('M07', 'Jus Mangga', 20000),
('M08', 'Ayam Madu', 38000),
('M09', 'Gurame Bakar', 45000),
('M10', 'Seafood Siram', 85000),
('M11', 'Ayam Bali', 40000),
('M12', 'Dubai Chewy Cookie', 50000),
('M13', 'Es Buah', 22000),
('M14', 'Ketoprak', 20000),
('M15', 'Jus Sirsak', 18000),
('M16', 'Air Mineral', 10000),
('M17', 'Cheesecake', 35000),
('M18', 'Bebek Goreng', 50000),
('M19', 'Mendoan', 10000),
('M20', 'Es Pisang Ijo', 17000);

-- 5. MASTER PEMBAYARAN
INSERT INTO Pembayaran (id_bayar, metode_pembayaran, status_bayar) VALUES
('PY01', 'Tunai', 'Lunas'), 
('PY02', 'QRIS', 'Lunas'), 
('PY03', 'Kartu', 'Lunas'), 
('PY04', 'Transfer', 'Lunas');

-- 6. BAHAN BAKU
INSERT INTO Bahan_Baku (id_bahan, nama_bahan) VALUES
('B01', 'Beras'),
('B02', 'Kecap'),
('B03', 'Bawang'),
('B04', 'Telur'),
('B05', 'Teh'),
('B06', 'Gula'),
('B07', 'Garam'),
('B08', 'Cabai'),
('B09', 'Mentega'),
('B10', 'Minyak Goreng'),
('B11', 'Mie'),
('B12', 'Sawi'),
('B13', 'Kol'),
('B14', 'Daun Bawang'),
('B15', 'Timun'),
('B16', 'Alpukat'),
('B17', 'Mangga'),
('B18', 'Madu'),
('B19', 'Ayam'),
('B20', 'Gurame'),
('B21', 'Udang'),
('B22', 'Kepiting'),
('B23', 'Cumi'),
('B24', 'Kerang'),
('B25', 'Jagung'),
('B26', 'Saus'),
('B27', 'Coklat'),
('B28', 'Kunafa'),
('B29', 'Pistachio'),
('B30', 'Marshmellow'),
('B31', 'Melon'),
('B32', 'Buah Naga'),
('B33', 'Pir'),
('B34', 'Es Batu'),
('B35', 'Kelapa'),
('B36', 'Sirup'),
('B37', 'Bihun'),
('B38', 'Kacang'),
('B39', 'Toge'),
('B40', 'Sirsak'),
('B41', 'Susu Kental Manis'),
('B42', 'Air'),
('B43', 'Keju'),
('B44', 'Tepung'),
('B45', 'Bebek'),
('B46', 'Tempe'),
('B47', 'Pisang'),
('B48', 'Santan');

-- 7. MENU BAHAN
INSERT INTO Menu_Bahan (id_menu, id_bahan) VALUES
('M01', 'B01'), ('M01', 'B04'), ('M01', 'B03'), ('M01', 'B02'), ('M01', 'B10'),
('M02', 'B05'), ('M02', 'B34'),
('M03', 'B19'), ('M03', 'B08'), ('M03', 'B03'), ('M03', 'B02'), ('M03', 'B01'),
('M04', 'B11'), ('M04', 'B04'), ('M04', 'B03'), ('M04', 'B02'), ('M04', 'B10'),
('M05', 'B16'), ('M05', 'B06'),
('M06', 'B11'), ('M06', 'B19'), ('M06', 'B12'), ('M06', 'B03'),
('M07', 'B17'), ('M07', 'B06'), ('M07', 'B34'),
('M08', 'B19'), ('M08', 'B18'), ('M08', 'B03'), ('M08', 'B10'),
('M09', 'B20'), ('M09', 'B08'), ('M09', 'B03'), ('M09', 'B02'),
('M10', 'B21'), ('M10', 'B22'), ('M10', 'B23'), ('M10', 'B24'), ('M10', 'B26'),
('M11', 'B19'), ('M11', 'B01'), ('M11', 'B08'), ('M11', 'B10'),
('M12', 'B27'), ('M12', 'B28'), ('M12', 'B29'), ('M12', 'B30'),
('M13', 'B31'), ('M13', 'B32'), ('M13', 'B33'), ('M13', 'B34'), ('M13', 'B36'),
('M14', 'B15'), ('M14', 'B37'), ('M14', 'B38'), ('M14', 'B39'),
('M15', 'B40'), ('M15', 'B06'), ('M15', 'B34'),
('M16', 'B42'),
('M17', 'B43'), ('M17', 'B41'), ('M17', 'B06'),
('M18', 'B45'), ('M18', 'B10'), ('M18', 'B01'),
('M19', 'B46'), ('M19', 'B44'), ('M19', 'B07'), ('M19', 'B10'),
('M20', 'B47'), ('M20', 'B36'), ('M20', 'B34'), ('M20', 'B48');

-- 8. RESERVASI
INSERT INTO Reservasi (id_reservasi, id_pelanggan, nomor_meja, tanggal_reservasi, jumlah_tamu, status_reservasi) VALUES
('RS01', 'P001', 'T05', '2026-01-10', 2, 'Selesai'),
('RS02', 'P003', 'T01', '2026-01-11', 5, 'Selesai'),
('RS03', 'P005', 'T02', '2026-01-12', 2, 'Selesai'),
('RS04', 'P007', 'T06', '2026-01-13', 4, 'Selesai'),
('RS05', 'P009', 'T05', '2026-01-13', 2, 'Selesai'),
('RS06', 'P011', 'T01', '2026-01-14', 6, 'Selesai'),
('RS07', 'P014', 'T08', '2026-01-14', 4, DEFAULT), 
('RS08', 'P017', 'T05', '2026-01-15', 2, 'Selesai'),
('RS09', 'P018', 'T09', '2026-01-15', 2, DEFAULT), 
('RS10', 'P021', 'T01', '2026-01-15', 4, 'Selesai'),
('RS11', 'P023', 'T03', '2026-01-14', 2, 'Selesai'),
('RS12', 'P027', 'T06', '2026-01-17', 3, 'Selesai'),
('RS13', 'P011', 'T01', '2026-01-18', 2, 'Selesai'),
('RS14', 'P029', 'T08', '2026-01-19', 3, 'Selesai'),
('RS15', 'P031', 'T04', '2026-01-20', 4, 'Selesai'),
('RS16', 'P033', 'T01', '2026-01-21', 5, 'Selesai'),
('RS17', 'P007', 'T05', '2026-01-22', 2, 'Selesai');

-- 9. PESANAN
INSERT INTO Pesanan (id_pesanan, id_pelanggan, id_reservasi, id_karyawan, id_bayar, nomor_meja, tanggal_pemesanan, total_bayar) VALUES 
('PS01', 'P001', 'RS01', 'K02', 'PY01', 'T05', '2026-01-10', 0.00),
('PS02', 'P002', NULL,   'K12', 'PY02', 'T02', '2026-01-10', 0.00),
('PS03', 'P003', 'RS02', 'K13', 'PY03', 'T01', '2026-01-11', 0.00),
('PS04', 'P004', NULL,   'K02', 'PY04', 'T04', '2026-01-11', 0.00),
('PS05', 'P005', 'RS03', 'K12', 'PY02', 'T02', '2026-01-12', 0.00),
('PS06', 'P006', NULL,   'K13', 'PY01', 'T03', '2026-01-12', 0.00),
('PS07', 'P007', 'RS04', 'K02', 'PY01', 'T06', '2026-01-13', 0.00),
('PS08', 'P008', NULL,   'K12', 'PY02', 'T04', '2026-01-13', 0.00),
('PS09', 'P009', 'RS05', 'K03', 'PY01', 'T05', '2026-01-13', 0.00),
('PS10', 'P010', NULL,   'K13', 'PY02', 'T02', '2026-01-14', 0.00),
('PS11', 'P011', 'RS06', 'K02', 'PY03', 'T01', '2026-01-14', 0.00),
('PS12', 'P012', NULL,   'K12', 'PY01', 'T07', '2026-01-14', 0.00),
('PS13', 'P013', NULL,   'K19', 'PY02', 'T04', '2026-01-14', 0.00),
('PS14', 'P015', NULL,   'K02', 'PY01', 'T03', '2026-01-15', 0.00),
('PS15', 'P016', NULL,   'K12', 'PY02', 'T02', '2026-01-15', 0.00),
('PS16', 'P017', 'RS08', 'K13', 'PY04', 'T05', '2026-01-15', 0.00),
('PS17', 'P019', NULL,   'K03', 'PY01', 'T06', '2026-01-15', 0.00),
('PS18', 'P020', NULL,   'K18', 'PY01', 'T04', '2026-01-15', 0.00),
('PS19', 'P021', 'RS10', 'K19', 'PY03', 'T01', '2026-01-15', 0.00),
('PS20', 'P001', NULL,   'K18', 'PY02', 'T02', '2026-01-11', 0.00),
('PS21', 'P002', NULL,   'K18', 'PY01', 'T05', '2026-01-13', 0.00),
('PS22', 'P022', NULL,   'K19', 'PY02', 'T04', '2026-01-12', 0.00),
('PS23', 'P023', 'RS11', 'K03', 'PY01', 'T03', '2026-01-14', 0.00),
('PS24', 'P005', NULL,   'K18', 'PY01', 'T02', '2026-01-14', 0.00),
('PS25', 'P024', NULL,   'K03', 'PY03', 'T05', '2026-01-10', 0.00),
('PS26', 'P025', NULL,   'K02', 'PY01', 'T02', '2026-01-16', 0.00),
('PS27', 'P026', NULL,   'K03', 'PY02', 'T07', '2026-01-16', 0.00),
('PS28', 'P027', 'RS12', 'K12', 'PY03', 'T06', '2026-01-17', 0.00),
('PS29', 'P008', NULL,   'K18', 'PY01', 'T04', '2026-01-17', 0.00),
('PS30', 'P011', 'RS13', 'K13', 'PY02', 'T01', '2026-01-18', 0.00),
('PS31', 'P013', NULL,   'K19', 'PY04', 'T06', '2026-01-18', 0.00),
('PS32', 'P028', NULL,   'K02', 'PY02', 'T03', '2026-01-19', 0.00),
('PS33', 'P029', 'RS14', 'K12', 'PY03', 'T08', '2026-01-19', 0.00),
('PS34', 'P030', NULL,   'K03', 'PY01', 'T02', '2026-01-19', 0.00),
('PS35', 'P016', NULL,   'K13', 'PY02', 'T05', '2026-01-20', 0.00),
('PS36', 'P031', 'RS15', 'K02', 'PY01', 'T04', '2026-01-20', 0.00),
('PS37', 'P032', NULL,   'K18', 'PY01', 'T07', '2026-01-20', 0.00),
('PS38', 'P033', 'RS16', 'K12', 'PY03', 'T01', '2026-01-21', 0.00),
('PS39', 'P034', NULL,   'K19', 'PY02', 'T03', '2026-01-21', 0.00),
('PS40', 'P007', 'RS17', 'K13', 'PY01', 'T05', '2026-01-22', 0.00);

-- 10. DETAIL PESANAN
INSERT INTO Detail_Pesanan (id_detail_pesanan, id_pesanan, id_menu, jumlah_porsi, subtotal, catatan_khusus) VALUES
('D01', 'PS01', 'M01', 2, 0, 'Pedas'),
('D02', 'PS01', 'M02', 1, 0, 'Kurang manis'),
('D03', 'PS02', 'M03', 1, 0, 'Bagian dada'),
('D04', 'PS03', 'M01', 3, 0, 'Tidak pedas'),
('D05', 'PS03', 'M02', 1, 0, 'Biasa'),
('D06', 'PS04', 'M04', 1, 0, 'Karet pisah'),
('D07', 'PS05', 'M03', 2, 0, 'Pedas manis'),
('D08', 'PS06', 'M05', 1, 0, 'Tanpa susu'),
('D09', 'PS06', 'M01', 1, 0, 'Sedang'),
('D10', 'PS07', 'M03', 1, 0, 'Minta matang'),
('D11', 'PS07', 'M02', 1, 0, 'Es banyak'),
('D12', 'PS08', 'M04', 1, 0, 'Pedas mampus'),
('D13', 'PS09', 'M01', 1, 0, 'Tidak pedas'),
('D14', 'PS09', 'M02', 1, 0, 'Manis'),
('D15', 'PS10', 'M03', 2, 0, '-'),
('D16', 'PS10', 'M02', 1, 0, '-'),
('D17', 'PS11', 'M04', 3, 0, '-'),
('D18', 'PS11', 'M05', 1, 0, 'Kurang gula'),
('D19', 'PS12', 'M01', 1, 0, 'Pedas'),
('D20', 'PS13', 'M05', 1, 0, 'Banyakin es'),
('D21', 'PS14', 'M02', 1, 0, '-'),
('D22', 'PS15', 'M01', 2, 0, 'Pedas'),
('D23', 'PS16', 'M04', 1, 0, '-'),
('D24', 'PS16', 'M02', 1, 0, '-'),
('D25', 'PS17', 'M01', 1, 0, 'Sedang'),
('D26', 'PS17', 'M02', 1, 0, '-'),
('D27', 'PS18', 'M04', 1, 0, '-'),
('D28', 'PS19', 'M01', 1, 0, 'Pedas'),
('D29', 'PS20', 'M03', 1, 0, '-'),
('D30', 'PS20', 'M02', 1, 0, '-'),
('D31', 'PS21', 'M01', 1, 0, 'Sedang'),
('D32', 'PS22', 'M18', 1, 0, '-'),
('D33', 'PS22', 'M05', 1, 0, 'Kurang gula'),
('D34', 'PS23', 'M01', 1, 0, 'Ekstra Pedas'),
('D35', 'PS24', 'M02', 1, 0, 'Manis'),
('D36', 'PS25', 'M01', 1, 0, 'Tidak Pedas'),
('D37', 'PS25', 'M02', 2, 0, 'Tanpa gula'),
('D38', 'PS26', 'M03', 1, 0, 'Pedas sekali'),
('D39', 'PS26', 'M02', 1, 0, 'Es biasa'),
('D40', 'PS27', 'M04', 1, 0, '-'),
('D41', 'PS28', 'M05', 1, 0, 'Manis'),
('D42', 'PS28', 'M01', 1, 0, 'Tanpa es'),
('D43', 'PS29', 'M04', 1, 0, 'Pedas'),
('D44', 'PS29', 'M02', 1, 0, 'Kurang mateng'),
('D45', 'PS30', 'M01', 1, 0, 'Sedang'),
('D46', 'PS30', 'M05', 1, 0, 'Kurang gula'),
('D47', 'PS31', 'M03', 1, 0, 'Pedas'),
('D48', 'PS31', 'M02', 1, 0, 'Es biasa'),
('D49', 'PS32', 'M01', 1, 0, '-'),
('D50', 'PS33', 'M03', 2, 0, 'Ekstra pedas'),
('D51', 'PS33', 'M05', 1, 0, 'Kurang manis'),
('D52', 'PS34', 'M04', 1, 0, '-'),
('D53', 'PS35', 'M01', 1, 0, 'Sedang'),
('D54', 'PS35', 'M02', 1, 0, '-'),
('D55', 'PS36', 'M03', 1, 0, 'Matang sempurna'),
('D56', 'PS36', 'M04', 1, 0, '-'),
('D57', 'PS37', 'M05', 1, 0, 'Kurang gula'),
('D58', 'PS38', 'M03', 1, 0, 'Pedas'),
('D59', 'PS38', 'M01', 1, 0, '-'),
('D60', 'PS38', 'M02', 1, 0, '-'),
('D61', 'PS39', 'M04', 1, 0, 'Tidak pedas'),
('D62', 'PS40', 'M05', 1, 0, 'Manis'),
('D63', 'PS40', 'M01', 1, 0, 'Biasa');

-- SINKRONISASI MASSAL NILAI TOTAL_BAYAR DI TABEL PESANAN (PS01 - PS40)
CALL HitungTotalPesanan('PS01'); CALL HitungTotalPesanan('PS02'); CALL HitungTotalPesanan('PS03');
CALL HitungTotalPesanan('PS04'); CALL HitungTotalPesanan('PS05'); CALL HitungTotalPesanan('PS06');
CALL HitungTotalPesanan('PS07'); CALL HitungTotalPesanan('PS08'); CALL HitungTotalPesanan('PS09');
CALL HitungTotalPesanan('PS10'); CALL HitungTotalPesanan('PS11'); CALL HitungTotalPesanan('PS12');
CALL HitungTotalPesanan('PS13'); CALL HitungTotalPesanan('PS14'); CALL HitungTotalPesanan('PS15');
CALL HitungTotalPesanan('PS16'); CALL HitungTotalPesanan('PS17'); CALL HitungTotalPesanan('PS18');
CALL HitungTotalPesanan('PS19'); CALL HitungTotalPesanan('PS20'); CALL HitungTotalPesanan('PS21');
CALL HitungTotalPesanan('PS22'); CALL HitungTotalPesanan('PS23'); CALL HitungTotalPesanan('PS24');
CALL HitungTotalPesanan('PS25'); CALL HitungTotalPesanan('PS26'); CALL HitungTotalPesanan('PS27');
CALL HitungTotalPesanan('PS28'); CALL HitungTotalPesanan('PS29'); CALL HitungTotalPesanan('PS30');
CALL HitungTotalPesanan('PS31'); CALL HitungTotalPesanan('PS32'); CALL HitungTotalPesanan('PS33');
CALL HitungTotalPesanan('PS34'); CALL HitungTotalPesanan('PS35'); CALL HitungTotalPesanan('PS36');
CALL HitungTotalPesanan('PS37'); CALL HitungTotalPesanan('PS38'); CALL HitungTotalPesanan('PS39');
CALL HitungTotalPesanan('PS40');

-- 11. REVIEW
INSERT INTO Review (id_review, id_pesanan, rating, komentar) VALUES
('R001', 'PS01', 5, 'Enak sekali'),
('R002', 'PS02', 4, 'Pelayanan bagus'),
('R003', 'PS04', 3, 'Agak lama'),
('R004', 'PS05', 5, 'Mantap bumbunya'),
('R005', 'PS07', 2, 'Ayam kurang matang'),
('R006', 'PS09', 4, 'Tempat bersih'),
('R007', 'PS11', 5, 'Pelayanan ramah'),
('R008', 'PS13', 4, 'Jus segar'),
('R009', 'PS14', 1, 'Meja kotor'),
('R010', 'PS16', 5, 'Recommended!'),
('R011', 'PS18', 4, 'Oke lah'),
('R012', 'PS22', 5, 'Pelayanan cepat'),
('R013', 'PS25', 4, 'Suasana nyaman'),
('R014', 'PS26', 3, 'Ayamnya agak keras'),
('R015', 'PS28', 4, 'Minumannya enak'),
('R016', 'PS30', 5, 'Selalu enak'),
('R017', 'PS31', 3, 'Lumayan'),
('R018', 'PS33', 4, 'Porsinya banyak'),
('R019', 'PS35', 5, 'Makanan enak banget'),
('R020', 'PS36', 5, 'Chef-nya handal'),
('R021', 'PS38', 4, 'Lengkap dan enak'),
('R022', 'PS40', 4, 'Tempatnya nyaman');